<manifest><control namespace="VoiceCustomControl" constructor="CanvasGrid" version="0.1.101" display-name-key="CanvasGrid" description-key="CanvasGrid description" control-type="virtual" api-version="1.3.15"><external-service-usage enabled="false" /><data-set name="records" display-name-key="Records_Dataset_Display" /><property name="headerTitle" display-name-key="Header Title" description-key="HeaderTitle" of-type="SingleLine.Text" usage="input" required="true" /><property name="selectable" display-name-key="Selectable rows" description-key="selectable" of-type="TwoOptions" usage="input" required="false" default-value="0"><value name="No" display-name-key="No" description-key="dont allow row selection">0</value><value name="Yes" display-name-key="Yes" description-key="allow row selection">1</value></property><property name="canvasApp" display-name-key="Canvas App" description-key="Canvas App" of-type="TwoOptions" usage="input" required="false" default-value="0"><value name="No" display-name-key="No" description-key="No">0</value><value name="Yes" display-name-key="Yes" description-key="Yes">1</value></property><property name="layoutMode" display-name-key="Layout Mode" description-key="Controls how columns are adjusted" of-type="Enum" usage="input" required="false" default-value="1"><value name="FixedColumns" display-name-key="Fixed Columns" description-key="Lets the user resize columns and makes not attempt to fit them.">0</value><value name="Justified" display-name-key="Justified" description-key="Manages which columns are visible, tries to size them according to their min/max rules and drops off columns that cant fit and have isCollapsible set.">1</value></property><property name="constrainMode" display-name-key="Constrain Mode" description-key="Controls how the list constrains overflow." of-type="Enum" usage="input" required="false" default-value="1"><value name="unconstrained" display-name-key="Unconstrained" description-key="Lets the content grow which allows the page to manage scrolling.">0</value><value name="horizontalConstrained" display-name-key="Horizontal Constrained" description-key="Constrains the list to the given layout space.">1</value></property><property name="canvasAppRowCount" display-name-key="Canvas App Row Count" description-key="CanvasAppRowCount" of-type="Whole.None" usage="input" required="false" /><property name="containerHeight" display-name-key="Container Height" description-key="containerHeight" of-type="Whole.None" usage="output" /><property name="currentTextValue" display-name-key="Current Search Value" description-key="CurrentValue" of-type="SingleLine.Text" usage="output" /><property name="conditionOperator" display-name-key="Condition Operator" description-key="Operator_Desc_Key" of-type="SingleLine.Text" usage="output" /><property name="itemGuid" display-name-key="GUID" description-key="GUID of selected row" of-type="SingleLine.Text" usage="output" /><property name="visualSizeFactorPadding" display-name-key="Visual Size Factor Padding" description-key="Min and Max Values for padding to min and max column widths" of-type="Multiple" usage="input" required="false" /><resources><code path="bundle.js" order="1" /><platform-library name="React" version="16.8.6" /><platform-library name="Fluent" version="8.29.0" /></resources><feature-usage /><built-by name="pac" version="1.36.3" /></control></manifest>